AfricanAmericanStudies,s3,ANTH330,SOCL 330,ENGL 342,ENGL343,ENGL 346,ENGL381,FNAR380,FNAR381,HIST357,HIST370,MUSC408,POLS204,POLS316,SOCL205,SOCL303,SOCL204,\s3,||,ENGL245,HIST349,HIST355,HIST341,PHIL252,SOCL316,ANTH330,SOCL 330,ENGL 342,ENGL343,ENGL 346,ENGL381,FNAR380,FNAR381,HIST357,HIST370,MUSC408,POLS204,POLS316,SOCL205,SOCL303,SOCL204,\||
AsianStudies,,,,,,,,,,,,,,,,,,,,,,,,,,,,,,,,,,,,,,,,,,
AmericanStudies,,,,,,,,,,,,,,,,,,,,,,,,,,,,,,,,,,,,,,,,,,
Anthropology,,,,,,,,,,,,,,,,,,,,,,,,,,,,,,,,,,,,,,,,,,
AppliedPhysics,,,,,,,,,,,,,,,,,,,,,,,,,,,,,,,,,,,,,,,,,,
ArtHistory,,,,,,,,,,,,,,,,,,,,,,,,,,,,,,,,,,,,,,,,,,
AsianStudies,,,,,,,,,,,,,,,,,,,,,,,,,,,,,,,,,,,,,,,,,,
Biology,,,,,,,,,,,,,,,,,,,,,,,,,,,,,,,,,,,,,,,,,,
BuisnessAdministration,,,,,,,,,,,,,,,,,,,,,,,,,,,,,,,,,,,,,,,,,,
Chemistry,,,,,,,,,,,,,,,,,,,,,,,,,,,,,,,,,,,,,,,,,,
ChildhoodStudies,,,,,,,,,,,,,,,,,,,,,,,,,,,,,,,,,,,,,,,,,,
CivicEngagementandSocialJustice,,,,,,,,,,,,,,,,,,,,,,,,,,,,,,,,,,,,,,,,,,
ClassicalStudies,,,,,,,,,,,,,,,,,,,,,,,,,,,,,,,,,,,,,,,,,,
CommunicationStudies,,,,,,,,,,,,,,,,,,,,,,,,,,,,,,,,,,,,,,,,,,
ComputerScience,,,,,,,,,,,,,,,,,,,,,,,,,,,,,,,,,,,,,,,,,,
Dance,,,,,,,,,,,,,,,,,,,,,,,,,,,,,,,,,,,,,,,,,,
DigitalHumanities,,,,,,,,,,,,,,,,,,,,,,,,,,,,,,,,,,,,,,,,,,
DiscreteMathematics,,,,,,,,,,,,,,,,,,,,,,,,,,,,,,,,,,,,,,,,,,
Economics,,,,,,,,,,,,,,,,,,,,,,,,,,,,,,,,,,,,,,,,,,
English,,,,,,,,,,,,,,,,,,,,,,,,,,,,,,,,,,,,,,,,,,
EnvironmentalStudies,,,,,,,,,,,,,,,,,,,,,,,,,,,,,,,,,,,,,,,,,,
FilmStudies,,,,,,,,,,,,,,,,,,,,,,,,,,,,,,,,,,,,,,,,,,
French,,,,,,,,,,,,,,,,,,,,,,,,,,,,,,,,,,,,,,,,,,
German,,,,,,,,,,,,,,,,,,,,,,,,,,,,,,,,,,,,,,,,,,
GraphicDesign,,,,,,,,,,,,,,,,,,,,,,,,,,,,,,,,,,,,,,,,,,
GreekStudies,,,,,,,,,,,,,,,,,,,,,,,,,,,,,,,,,,,,,,,,,,
History,,,,,,,,,,,,,,,,,,,,,,,,,,,,,,,,,,,,,,,,,,
HumanRightsandConflictResolution,,,,,,,,,,,,,,,,,,,,,,,,,,,,,,,,,,,,,,,,,,
InformationScience,,,,,,,,,,,,,,,,,,,,,,,,,,,,,,,,,,,,,,,,,,
InternationalCultureandBuisness,,,,,,,,,,,,,,,,,,,,,,,,,,,,,,,,,,,,,,,,,,
Judeo-ChristianStudies,,,,,,,,,,,,,,,,,,,,,,,,,,,,,,,,,,,,,,,,,,
Latin,,,,,,,,,,,,,,,,,,,,,,,,,,,,,,,,,,,,,,,,,,
LatinAmericanStudies,,,,,,,,,,,,,,,,,,,,,,,,,,,,,,,,,,,,,,,,,,
LeadershipStudies,,,,,,,,,,,,,,,,,,,,,,,,,,,,,,,,,,,,,,,,,,
Linguistics,,,,,,,,,,,,,,,,,,,,,,,,,,,,,,,,,,,,,,,,,,
Literature,,,,,,,,,,,,,,,,,,,,,,,,,,,,,,,,,,,,,,,,,,
Mathematics,,,,,,,,,,,,,,,,,,,,,,,,,,,,,,,,,,,,,,,,,,
MedivalandRenaissannceStudies,,,,,,,,,,,,,,,,,,,,,,,,,,,,,,,,,,,,,,,,,,
MiddleEastandNorthAfricaStudies,,,,,,,,,,,,,,,,,,,,,,,,,,,,,,,,,,,,,,,,,,
MilitaryScience,,,,,,,,,,,,,,,,,,,,,,,,,,,,,,,,,,,,,,,,,,
MuseumStudies,,,,,,,,,,,,,,,,,,,,,,,,,,,,,,,,,,,,,,,,,,
PhilosophyandReligion,,,,,,,,,,,,,,,,,,,,,,,,,,,,,,,,,,,,,,,,,,
PhilosophyofLaw,,,,,,,,,,,,,,,,,,,,,,,,,,,,,,,,,,,,,,,,,,
PhotographyandVideoArt,,,,,,,,,,,,,,,,,,,,,,,,,,,,,,,,,,,,,,,,,,
PoliticalScience,,,,,,,,,,,,,,,,,,,,,,,,,,,,,,,,,,,,,,,,,,
Psycology,,,,,,,,,,,,,,,,,,,,,,,,,,,,,,,,,,,,,,,,,,
Sociology,,,,,,,,,,,,,,,,,,,,,,,,,,,,,,,,,,,,,,,,,,
Spanish,,,,,,,,,,,,,,,,,,,,,,,,,,,,,,,,,,,,,,,,,,
StudioArt,,,,,,,,,,,,,,,,,,,,,,,,,,,,,,,,,,,,,,,,,,
Theater,,,,,,,,,,,,,,,,,,,,,,,,,,,,,,,,,,,,,,,,,,
U.S.NationalSecurityStudies,,,,,,,,,,,,,,,,,,,,,,,,,,,,,,,,,,,,,,,,,,
Women'sandGenderStudies,,,,,,,,,,,,,,,,,,,,,,,,,,,,,,,,,,,,,,,,,,
Writing,,,,,,,,,,,,,,,,,,,,,,,,,,,,,,,,,,,,,,,,,,
